<?xml version="1.0" encoding="utf-8" ?>
<Properties>
 <Property name="Identificación de objeto" id="2000" index="0" type="7">70/14/1/0</Property>
 <Property name="Ultimo responsable: código" id="3010" index="0" type="7"/>
 <Property name="Ultimo responsable: nombre" id="3011" index="0" type="7"/>
 <Property name="Ultimo responsable: teléfono" id="3012" index="0" type="7"/>
 <Property name="Ultimo responsable: e-mail" id="3013" index="0" type="7"/>
 <Property name="Estructura de proyecto: Asignación funcional" id="10001" index="0" type="7"/>
 <Property name="Estructura del proyecto: Designación de función" id="10002" index="0" type="7">&lt;1100&gt;&lt;1101&gt;&lt;1102&gt;&lt;1103&gt;&lt;1104&gt;&lt;1105&gt;&lt;1106&gt;&lt;1107&gt;&lt;1108&gt;&lt;1109&gt;</Property>
 <Property name="Estructura de proyecto: Lugar de instalación" id="10003" index="0" type="7"/>
 <Property name="Estructura del proyecto: Designación de localización" id="10004" index="0" type="7">&lt;1200&gt;&lt;1201&gt;&lt;1202&gt;&lt;1203&gt;&lt;1204&gt;&lt;1205&gt;&lt;1206&gt;&lt;1207&gt;&lt;1208&gt;&lt;1209&gt;</Property>
 <Property name="Estructura de proyecto: Número de instalación" id="10005" index="0" type="7"/>
 <Property name="Estructura de proyecto: Tipo de documento" id="10006" index="0" type="7">&lt;1500&gt;</Property>
 <Property name="Estructura de proyecto: Estructura definida por el usuario" id="10007" index="0" type="7"/>
 <Property name="Nombre de proyecto (completo)" id="10009" index="0" type="7">C:\Users\Administrator\Downloads\2023Q1-SyA-main\2023Q1-SyA-main\TP1\TP1.elk</Property>
 <Property name="Ruta de proyecto" id="10010" index="0" type="7">C:\Users\Administrator\Downloads\2023Q1-SyA-main\2023Q1-SyA-main\TP1</Property>
 <Property name="Descripción de proyecto" id="10011" index="0" type="15">de_DE@Basisprojekt mit Kennzeichnungsstruktur gemäß IEC-Norm;en_US@Basic project with identifier structure to IEC standard;es_ES@Proyecto básico con estructura de designación según los estándares IEC;fr_FR@Projet de base avec structure d&apos;identification selon la norme IEC;nl_NL@Basisproject met coderingsstructuur volgens IEC-norm;sv_SE@Basprojekt med identifierande block enligt IEC-norm;da_DK@Basisprojekt med identificerende struktur iht. IEC-standard;ru_RU@Базовый проект со структурой обозначений согласно стандарту IEC;zh_CN@带 IEC 标准标识结构的基本项目;pl_PL@Projekt bazowy ze strukturą oznaczenia zgodnie z normą IEC;pt_BR@Projeto básico com estrutura de identificação de acordo com a norma IEC;cs_CZ@Základní projekt se strukturou označení podle normy IEC;it_IT@Progetto di base con struttura identificativa conforme alla norma IEC;hu_HU@Bázisprojekt IEC szabványú azonosítószerkezettel;pt_PT@Projeto básico com estrutura identificadora segundo norma IEC;ko_KR@IEC 표준에 대한 식별자 구조가 포함된 기본 프로젝트;ja_JP@基本プロジェクト、IEC 規格に準拠した識別子構造;tr_TR@IEC standardı uyarınca tanımlama yapılı ana proje;ro_RO@Proiect de bază cu structură indicator conform standardului IEC;zh_TW@具符合 IEC 標準識別代號結構的基本專案;</Property>
 <Property name="Aplicar nombre de páginas en IME" id="10012" index="0" type="1">0</Property>
 <Property name="Número de proyecto" id="10013" index="0" type="7">IEC_bas003</Property>
 <Property name="Comisión" id="10014" index="0" type="15">de_DE@EPLAN;en_US@EPLAN;es_ES@EPLAN;fr_FR@EPLAN;nl_NL@EPLAN;sv_SE@EPLAN;da_DK@EPLAN;ru_RU@EPLAN;zh_CN@EPLAN;pl_PL@EPLAN;pt_BR@EPLAN;cs_CZ@EPLAN;it_IT@EPLAN;hu_HU@EPLAN;pt_PT@EPLAN;ko_KR@EPLAN;ja_JP@EPLAN;tr_TR@EPLAN;ro_RO@EPLAN;zh_TW@EPLAN;</Property>
 <Property name="Nombre de empresa" id="10015" index="0" type="7">EPLAN GmbH &amp; Co. KG</Property>
 <Property name="Dirección de empresa 1" id="10016" index="0" type="7">An der alten Ziegelei 2</Property>
 <Property name="Dirección de empresa 2" id="10017" index="0" type="7">D-40789 Monheim am Rhein / Germany</Property>
 <Property name="Carácter separador de estructuras" id="10018" index="0" type="7">16&#9;==&#9;.&#9;=&#9;.&#9;++&#9;.&#9;+&#9;.&#9;&#9;&#9;&amp;&#9;&#9;#&#9;#&#9;-&#9;-</Property>
 <Property name="Intercalaciones del identificador de medio de explotación" id="10019" index="0" type="7">16&#9;1&#9;1&#9;1&#9;1&#9;1&#9;1&#9;1&#9;1&#9;0&#9;0&#9;0&#9;0&#9;1&#9;0&#9;1&#9;0</Property>
 <Property name="Autor" id="10020" index="0" type="7">ohvic</Property>
 <Property name="Fecha de creación" id="10021" index="0" type="14">1679928147</Property>
 <Property name="Ultimo responsable: nombre de inicio de sesión" id="10022" index="0" type="7">Administrator</Property>
 <Property name="Fecha de modificación" id="10023" index="0" type="14">1682225733</Property>
 <Property name="Última traducción: fecha" id="10024" index="0" type="14">1647519047</Property>
 <Property name="Fecha del día" id="10027" index="0" type="14">1682225778</Property>
 <Property name="Inicio de proyecto" id="10028" index="0" type="14">1679928155</Property>
 <Property name="Formatos de estructura principal" id="10029" index="0" type="7">4&#9;0&#9;0&#9;0&#9;0</Property>
 <Property name="Ambito especial" id="10034" index="0" type="15">de_DE@keine;en_US@None;nl_NL@geen;fr_FR@aucune;es_ES@ninguno;sv_SE@ingen;da_DK@ingen;zh_CN@无;ru_RU@нет;pl_PL@brak;pt_BR@nenhum;cs_CZ@žádné;it_IT@nessuna;hu_HU@nincs;pt_PT@nenhum;ko_KR@없음;ja_JP@なし;tr_TR@yok;ro_RO@niciunul/niciuna;zh_TW@無;</Property>
 <Property name="Ultima versión EPLAN utilizada" id="10043" index="0" type="7">2023.0.3</Property>
 <Property name="Ultimo número de compilación EPLAN utilizado" id="10044" index="0" type="7">19351</Property>
 <Property name="Ruta de proyecto (completa)" id="10045" index="0" type="7">C:\Users\Administrator\Downloads\2023Q1-SyA-main\2023Q1-SyA-main\TP1</Property>
 <Property name="Hora de creación" id="10046" index="0" type="7">11:42:27</Property>
 <Property name="Hora de modificación" id="10047" index="0" type="7">01:55:33</Property>
 <Property name="Última traducción: hora" id="10048" index="0" type="7">09:10:47</Property>
 <Property name="Formato de estructura de páginas" id="10050" index="0" type="7">&lt;10002&gt;&lt;10004&gt;&lt;10006&gt;&lt;11012&gt;&lt;11013&gt;</Property>
 <Property name="Formato de estructura de puntos de interrupción" id="10051" index="0" type="7">&lt;10002&gt;&lt;20012&gt;&lt;20013&gt;&lt;20014&gt;&lt;20015&gt;</Property>
 <Property name="Formato de estructura de barras de distribución" id="10053" index="0" type="7">&lt;10004&gt;&lt;20012&gt;&lt;20013&gt;&lt;20014&gt;&lt;20015&gt;&lt;20016&gt;&lt;20017&gt;&lt;20018&gt;&lt;20019&gt;</Property>
 <Property name="Formato de estructura primario de todos los medios de explotación" id="10054" index="0" type="7">&lt;10002&gt;&lt;10004&gt;&lt;20012&gt;&lt;20013&gt;&lt;20014&gt;&lt;20015&gt;&lt;20016&gt;&lt;20017&gt;&lt;20018&gt;&lt;20019&gt;</Property>
 <Property name="Formato de estructura de medios de explotación generales" id="10055" index="0" type="7">&lt;10002&gt;&lt;10004&gt;&lt;20012&gt;&lt;20013&gt;&lt;20014&gt;&lt;20015&gt;&lt;20016&gt;&lt;20017&gt;&lt;20018&gt;&lt;20019&gt;</Property>
 <Property name="Formato de estructura de cajas de aparatos" id="10056" index="0" type="7">&lt;10002&gt;&lt;10004&gt;&lt;20012&gt;&lt;20013&gt;&lt;20014&gt;&lt;20015&gt;&lt;20016&gt;&lt;20017&gt;&lt;20018&gt;&lt;20019&gt;</Property>
 <Property name="Formato de estructura para técnica PLC / bus" id="10057" index="0" type="7">&lt;10002&gt;&lt;10004&gt;&lt;20012&gt;&lt;20013&gt;&lt;20014&gt;&lt;20015&gt;&lt;20016&gt;&lt;20017&gt;&lt;20018&gt;&lt;20019&gt;</Property>
 <Property name="Hora del día" id="10058" index="0" type="14">1682225778</Property>
 <Property name="Formato de estructura de regletas de bornes" id="10059" index="0" type="7">&lt;10004&gt;&lt;20012&gt;&lt;20013&gt;&lt;20014&gt;&lt;20015&gt;&lt;20016&gt;&lt;20017&gt;&lt;20018&gt;&lt;20019&gt;</Property>
 <Property name="Formato de estructura de conectores" id="10060" index="0" type="7">&lt;10004&gt;&lt;20012&gt;&lt;20013&gt;&lt;20014&gt;&lt;20015&gt;&lt;20016&gt;&lt;20017&gt;&lt;20018&gt;&lt;20019&gt;</Property>
 <Property name="Formato de estructura de cables" id="10061" index="0" type="7">&lt;10004&gt;&lt;20012&gt;&lt;20013&gt;&lt;20014&gt;&lt;20015&gt;&lt;20016&gt;&lt;20017&gt;&lt;20018&gt;&lt;20019&gt;</Property>
 <Property name="Formato de estructura para cajas de estructuras" id="10062" index="0" type="7">&lt;10002&gt;&lt;10004&gt;&lt;20012&gt;&lt;20013&gt;&lt;20014&gt;&lt;20015&gt;&lt;20016&gt;&lt;20017&gt;&lt;20018&gt;&lt;20019&gt;</Property>
 <Property name="Formato de estructura de medios de explotación de fluido" id="10063" index="0" type="7">&lt;10002&gt;&lt;10004&gt;&lt;20012&gt;&lt;20013&gt;&lt;20014&gt;&lt;20015&gt;&lt;20016&gt;&lt;20017&gt;&lt;20018&gt;&lt;20019&gt;</Property>
 <Property name="Formato de estructura de distribuidor / conector de líneas de fluido" id="10064" index="0" type="7">&lt;10002&gt;&lt;10004&gt;&lt;20012&gt;&lt;20013&gt;&lt;20014&gt;&lt;20015&gt;&lt;20016&gt;&lt;20017&gt;&lt;20018&gt;&lt;20019&gt;</Property>
 <Property name="Número de páginas bloqueadas por tipo de página" id="10065" index="1" type="4">0</Property>
 <Property name="Número de páginas bloqueadas por tipo de página" id="10065" index="2" type="4">0</Property>
 <Property name="Número de páginas bloqueadas por tipo de página" id="10065" index="3" type="4">0</Property>
 <Property name="Número de páginas bloqueadas por tipo de página" id="10065" index="4" type="4">0</Property>
 <Property name="Número de páginas bloqueadas por tipo de página" id="10065" index="5" type="4">0</Property>
 <Property name="Número de páginas bloqueadas por tipo de página" id="10065" index="6" type="4">0</Property>
 <Property name="Número de páginas bloqueadas por tipo de página" id="10065" index="7" type="4">0</Property>
 <Property name="Número de páginas bloqueadas por tipo de página" id="10065" index="8" type="4">0</Property>
 <Property name="Número de páginas bloqueadas por tipo de página" id="10065" index="9" type="4">0</Property>
 <Property name="Número de páginas bloqueadas por tipo de página" id="10065" index="10" type="4">0</Property>
 <Property name="Número de páginas bloqueadas por tipo de página" id="10065" index="11" type="4">0</Property>
 <Property name="Número de páginas bloqueadas por tipo de página" id="10065" index="12" type="4">0</Property>
 <Property name="Número de páginas bloqueadas por tipo de página" id="10065" index="13" type="4">0</Property>
 <Property name="Número de páginas bloqueadas por tipo de página" id="10065" index="14" type="4">0</Property>
 <Property name="Número de páginas bloqueadas por tipo de página" id="10065" index="15" type="4">0</Property>
 <Property name="Número de páginas bloqueadas por tipo de página" id="10065" index="16" type="4">0</Property>
 <Property name="Número de páginas bloqueadas por tipo de página" id="10065" index="17" type="4">0</Property>
 <Property name="Número de páginas bloqueadas por tipo de página" id="10065" index="18" type="4">0</Property>
 <Property name="Número de páginas bloqueadas por tipo de página" id="10065" index="19" type="4">0</Property>
 <Property name="Número de páginas bloqueadas por tipo de página" id="10065" index="20" type="4">0</Property>
 <Property name="Número de páginas bloqueadas por tipo de página" id="10065" index="21" type="4">0</Property>
 <Property name="Número de páginas bloqueadas por tipo de página" id="10065" index="22" type="4">0</Property>
 <Property name="Número de páginas bloqueadas por tipo de página" id="10065" index="23" type="4">0</Property>
 <Property name="Número de páginas bloqueadas por tipo de página" id="10065" index="24" type="4">0</Property>
 <Property name="Número de páginas bloqueadas por tipo de página" id="10065" index="25" type="4">0</Property>
 <Property name="Número de páginas bloqueadas por tipo de página" id="10065" index="26" type="4">0</Property>
 <Property name="Número de páginas bloqueadas por tipo de página" id="10065" index="27" type="4">0</Property>
 <Property name="Número de páginas bloqueadas por tipo de página" id="10065" index="28" type="4">0</Property>
 <Property name="Número de páginas bloqueadas por tipo de página" id="10065" index="29" type="4">0</Property>
 <Property name="Número de páginas bloqueadas por tipo de página" id="10065" index="30" type="4">0</Property>
 <Property name="Número de páginas bloqueadas por tipo de página" id="10065" index="31" type="4">0</Property>
 <Property name="Número de páginas bloqueadas por tipo de página" id="10065" index="32" type="4">0</Property>
 <Property name="Número de páginas bloqueadas por tipo de página" id="10065" index="33" type="4">0</Property>
 <Property name="Número de páginas bloqueadas por tipo de página" id="10065" index="34" type="4">0</Property>
 <Property name="Número de páginas bloqueadas por tipo de página" id="10065" index="35" type="4">0</Property>
 <Property name="Número de páginas bloqueadas por tipo de página" id="10065" index="36" type="4">0</Property>
 <Property name="Número de páginas bloqueadas por tipo de página" id="10065" index="37" type="4">0</Property>
 <Property name="Número de páginas bloqueadas por tipo de página" id="10065" index="38" type="4">0</Property>
 <Property name="Número de páginas bloqueadas por tipo de página" id="10065" index="39" type="4">0</Property>
 <Property name="Número de páginas bloqueadas por tipo de página" id="10065" index="40" type="4">0</Property>
 <Property name="Número de páginas bloqueadas por tipo de página" id="10065" index="41" type="4">0</Property>
 <Property name="Número de páginas bloqueadas por tipo de página" id="10065" index="42" type="4">0</Property>
 <Property name="Número de páginas bloqueadas por tipo de página" id="10065" index="43" type="4">0</Property>
 <Property name="Número de páginas bloqueadas por tipo de página" id="10065" index="44" type="4">0</Property>
 <Property name="Número de páginas bloqueadas por tipo de página" id="10065" index="45" type="4">0</Property>
 <Property name="Número de páginas bloqueadas por tipo de página" id="10065" index="46" type="4">0</Property>
 <Property name="Número de páginas bloqueadas por tipo de página" id="10065" index="47" type="4">0</Property>
 <Property name="Número de páginas bloqueadas por tipo de página" id="10065" index="48" type="4">0</Property>
 <Property name="Número de páginas bloqueadas por tipo de página" id="10065" index="49" type="4">0</Property>
 <Property name="Número de páginas bloqueadas por tipo de página" id="10065" index="50" type="4">0</Property>
 <Property name="Número de páginas bloqueadas por tipo de página" id="10065" index="51" type="4">0</Property>
 <Property name="Número de páginas bloqueadas por tipo de página" id="10065" index="52" type="4">0</Property>
 <Property name="Número de páginas bloqueadas por tipo de página" id="10065" index="53" type="4">0</Property>
 <Property name="Número de páginas bloqueadas por tipo de página" id="10065" index="54" type="4">0</Property>
 <Property name="Número de páginas bloqueadas por tipo de página" id="10065" index="55" type="4">0</Property>
 <Property name="Número de páginas bloqueadas por tipo de página" id="10065" index="56" type="4">0</Property>
 <Property name="Número de páginas bloqueadas por tipo de página" id="10065" index="57" type="4">0</Property>
 <Property name="Número de páginas bloqueadas por tipo de página" id="10065" index="58" type="4">0</Property>
 <Property name="Número de páginas bloqueadas por tipo de página" id="10065" index="59" type="4">0</Property>
 <Property name="Número de páginas bloqueadas por tipo de página" id="10065" index="60" type="4">0</Property>
 <Property name="Número de páginas bloqueadas por tipo de página" id="10065" index="61" type="4">0</Property>
 <Property name="Número de páginas bloqueadas por tipo de página" id="10065" index="62" type="4">0</Property>
 <Property name="Número de páginas bloqueadas por tipo de página" id="10065" index="63" type="4">0</Property>
 <Property name="Proyecto: Plantilla" id="10069" index="0" type="7">EPLAN_Tutorial.zw9</Property>
 <Property name="Formato de nombre de páginas" id="10070" index="0" type="7">&lt;10002&gt;&lt;10004&gt;&lt;10006&gt;&lt;11012&gt;&lt;11013&gt;</Property>
 <Property name="Formato de nombre de puntos de interrupción" id="10071" index="0" type="7">&lt;10002&gt;&lt;20012&gt;&lt;20013&gt;&lt;20014&gt;&lt;20015&gt;</Property>
 <Property name="Internal: Build" id="10072" index="0" type="7">19491</Property>
 <Property name="Formato de nombre de barras de distribución" id="10073" index="0" type="7">&lt;10004&gt;&lt;20012&gt;&lt;20013&gt;&lt;20014&gt;&lt;20015&gt;&lt;20016&gt;&lt;20017&gt;&lt;20018&gt;&lt;20019&gt;</Property>
 <Property name="Formato de nombre primario de todos los medios de explotación" id="10074" index="0" type="7">&lt;10002&gt;&lt;10004&gt;&lt;20012&gt;&lt;20013&gt;&lt;20014&gt;&lt;20015&gt;&lt;20016&gt;&lt;20017&gt;&lt;20018&gt;&lt;20019&gt;</Property>
 <Property name="Formato de nombre de medios de explotación" id="10075" index="0" type="7">&lt;10002&gt;&lt;10004&gt;&lt;20012&gt;&lt;20013&gt;&lt;20014&gt;&lt;20015&gt;&lt;20016&gt;&lt;20017&gt;&lt;20018&gt;&lt;20019&gt;</Property>
 <Property name="Formato de nombre de cajas de aparatos" id="10076" index="0" type="7">&lt;10002&gt;&lt;10004&gt;&lt;20012&gt;&lt;20013&gt;&lt;20014&gt;&lt;20015&gt;&lt;20016&gt;&lt;20017&gt;&lt;20018&gt;&lt;20019&gt;</Property>
 <Property name="Formato de nombre para técnica PLC / bus" id="10077" index="0" type="7">&lt;10002&gt;&lt;10004&gt;&lt;20012&gt;&lt;20013&gt;&lt;20014&gt;&lt;20015&gt;&lt;20016&gt;&lt;20017&gt;&lt;20018&gt;&lt;20019&gt;</Property>
 <Property name="Formato de nombre de regletas de bornes" id="10079" index="0" type="7">&lt;10004&gt;&lt;20012&gt;&lt;20013&gt;&lt;20014&gt;&lt;20015&gt;&lt;20016&gt;&lt;20017&gt;&lt;20018&gt;&lt;20019&gt;</Property>
 <Property name="Formato de nombre de conectores" id="10080" index="0" type="7">&lt;10004&gt;&lt;20012&gt;&lt;20013&gt;&lt;20014&gt;&lt;20015&gt;&lt;20016&gt;&lt;20017&gt;&lt;20018&gt;&lt;20019&gt;</Property>
 <Property name="Formato de nombre de cables" id="10081" index="0" type="7">&lt;10004&gt;&lt;20012&gt;&lt;20013&gt;&lt;20014&gt;&lt;20015&gt;&lt;20016&gt;&lt;20017&gt;&lt;20018&gt;&lt;20019&gt;</Property>
 <Property name="Formato de nombre para cajas de estructuras" id="10082" index="0" type="7">&lt;10002&gt;&lt;10004&gt;&lt;20012&gt;&lt;20013&gt;&lt;20014&gt;&lt;20015&gt;&lt;20016&gt;&lt;20017&gt;&lt;20018&gt;&lt;20019&gt;</Property>
 <Property name="Formato de nombre de medios de explotación de fluido" id="10083" index="0" type="7">&lt;10002&gt;&lt;10004&gt;&lt;20012&gt;&lt;20013&gt;&lt;20014&gt;&lt;20015&gt;&lt;20016&gt;&lt;20017&gt;&lt;20018&gt;&lt;20019&gt;</Property>
 <Property name="Formato de nombre de distribuidor / conector de líneas de fluido" id="10084" index="0" type="7">&lt;10002&gt;&lt;10004&gt;&lt;20012&gt;&lt;20013&gt;&lt;20014&gt;&lt;20015&gt;&lt;20016&gt;&lt;20017&gt;&lt;20018&gt;&lt;20019&gt;</Property>
 <Property name="Formato de estructura de medio de explotación mecánico" id="10085" index="0" type="7">&lt;10004&gt;&lt;20012&gt;&lt;20013&gt;&lt;20014&gt;&lt;20015&gt;&lt;20016&gt;&lt;20017&gt;&lt;20018&gt;&lt;20019&gt;</Property>
 <Property name="Formato de nombre de medio de explotación mecánico" id="10086" index="0" type="7">&lt;10004&gt;&lt;20012&gt;&lt;20013&gt;&lt;20014&gt;&lt;20015&gt;&lt;20016&gt;&lt;20017&gt;&lt;20018&gt;&lt;20019&gt;</Property>
 <Property name="Internal: Highest used EPLAN build number" id="10087" index="0" type="4">19491</Property>
 <Property name="Internal: Highest used EPLAN version" id="10088" index="0" type="7">2023.0.3.19491</Property>
 <Property name="Orden de las estructuras de proyecto en el nombre de página" id="10089" index="0" type="7">&lt;10001&gt;&lt;10002&gt;&lt;10003&gt;&lt;10004&gt;&lt;10006&gt;&lt;10007&gt;&lt;10005&gt;</Property>
 <Property name="Editar IME en campos individuales" id="10090" index="0" type="1">0</Property>
 <Property name="Orden de propiedades individuales de IME" id="10091" index="0" type="7"/>
 <Property name="Estructura de la estructura de árbol en el árbol de página" id="10092" index="0" type="7">3&#9;11017&#9;0&#9;0&#9;10002&#9;0&#9;1&#9;10004&#9;0&#9;1&#9;10006&#9;0&#9;1</Property>
 <Property name="Mostrar identificadores descriptivos en el árbol de página" id="10093" index="0" type="1">0</Property>
 <Property name="Estructura de la estructura del árbol en los navegadores de dispositivos" id="10094" index="0" type="7">3&#9;10002&#9;0&#9;1&#9;10004&#9;0&#9;1&#9;20012&#9;0&#9;0&#9;20013&#9;0&#9;0&#9;20014&#9;0&#9;0&#9;20015&#9;0&#9;0</Property>
 <Property name="Mostrar identificadores descriptivos en navegadores de dispositivos" id="10095" index="0" type="1">0</Property>
 <Property name="Propiedad de bloque: Formato (Definición de tubería)" id="10097" index="0" type="7">0</Property>
 <Property name="Índice de revisión más elevado (de seguimiento de cambios)" id="10098" index="0" type="7"/>
 <Property name="Revisión: Nombre de proyecto original" id="10149" index="0" type="7"/>
 <Property name="Id. de proyecto unívoco" id="10184" index="0" type="7">EPLAN_Tutorial@1679928152</Property>
 <Property name="Número de licencia de dongle" id="10185" index="0" type="7">EPLSNAADMW</Property>
 <Property name="Número de páginas por tipo de página" id="10200" index="1" type="4">2</Property>
 <Property name="Número de páginas por tipo de página" id="10200" index="2" type="4">0</Property>
 <Property name="Número de páginas por tipo de página" id="10200" index="3" type="4">0</Property>
 <Property name="Número de páginas por tipo de página" id="10200" index="4" type="4">0</Property>
 <Property name="Número de páginas por tipo de página" id="10200" index="5" type="4">0</Property>
 <Property name="Número de páginas por tipo de página" id="10200" index="6" type="4">0</Property>
 <Property name="Número de páginas por tipo de página" id="10200" index="7" type="4">0</Property>
 <Property name="Número de páginas por tipo de página" id="10200" index="8" type="4">0</Property>
 <Property name="Número de páginas por tipo de página" id="10200" index="9" type="4">0</Property>
 <Property name="Número de páginas por tipo de página" id="10200" index="10" type="4">0</Property>
 <Property name="Número de páginas por tipo de página" id="10200" index="11" type="4">0</Property>
 <Property name="Número de páginas por tipo de página" id="10200" index="12" type="4">0</Property>
 <Property name="Número de páginas por tipo de página" id="10200" index="13" type="4">0</Property>
 <Property name="Número de páginas por tipo de página" id="10200" index="14" type="4">0</Property>
 <Property name="Número de páginas por tipo de página" id="10200" index="15" type="4">0</Property>
 <Property name="Número de páginas por tipo de página" id="10200" index="16" type="4">0</Property>
 <Property name="Número de páginas por tipo de página" id="10200" index="17" type="4">0</Property>
 <Property name="Número de páginas por tipo de página" id="10200" index="18" type="4">0</Property>
 <Property name="Número de páginas por tipo de página" id="10200" index="19" type="4">0</Property>
 <Property name="Número de páginas por tipo de página" id="10200" index="20" type="4">0</Property>
 <Property name="Número de páginas por tipo de página" id="10200" index="21" type="4">0</Property>
 <Property name="Número de páginas por tipo de página" id="10200" index="22" type="4">0</Property>
 <Property name="Número de páginas por tipo de página" id="10200" index="23" type="4">0</Property>
 <Property name="Número de páginas por tipo de página" id="10200" index="24" type="4">0</Property>
 <Property name="Número de páginas por tipo de página" id="10200" index="25" type="4">0</Property>
 <Property name="Número de páginas por tipo de página" id="10200" index="26" type="4">0</Property>
 <Property name="Número de páginas por tipo de página" id="10200" index="27" type="4">0</Property>
 <Property name="Número de páginas por tipo de página" id="10200" index="28" type="4">0</Property>
 <Property name="Número de páginas por tipo de página" id="10200" index="29" type="4">0</Property>
 <Property name="Número de páginas por tipo de página" id="10200" index="30" type="4">0</Property>
 <Property name="Número de páginas por tipo de página" id="10200" index="31" type="4">0</Property>
 <Property name="Número de páginas por tipo de página" id="10200" index="32" type="4">0</Property>
 <Property name="Número de páginas por tipo de página" id="10200" index="33" type="4">0</Property>
 <Property name="Número de páginas por tipo de página" id="10200" index="34" type="4">0</Property>
 <Property name="Número de páginas por tipo de página" id="10200" index="35" type="4">0</Property>
 <Property name="Número de páginas por tipo de página" id="10200" index="36" type="4">0</Property>
 <Property name="Número de páginas por tipo de página" id="10200" index="37" type="4">0</Property>
 <Property name="Número de páginas por tipo de página" id="10200" index="38" type="4">0</Property>
 <Property name="Número de páginas por tipo de página" id="10200" index="39" type="4">0</Property>
 <Property name="Número de páginas por tipo de página" id="10200" index="40" type="4">0</Property>
 <Property name="Número de páginas por tipo de página" id="10200" index="41" type="4">0</Property>
 <Property name="Número de páginas por tipo de página" id="10200" index="42" type="4">0</Property>
 <Property name="Número de páginas por tipo de página" id="10200" index="43" type="4">0</Property>
 <Property name="Número de páginas por tipo de página" id="10200" index="44" type="4">0</Property>
 <Property name="Número de páginas por tipo de página" id="10200" index="45" type="4">0</Property>
 <Property name="Número de páginas por tipo de página" id="10200" index="46" type="4">0</Property>
 <Property name="Número de páginas por tipo de página" id="10200" index="47" type="4">0</Property>
 <Property name="Número de páginas por tipo de página" id="10200" index="48" type="4">0</Property>
 <Property name="Número de páginas por tipo de página" id="10200" index="49" type="4">0</Property>
 <Property name="Número de páginas por tipo de página" id="10200" index="50" type="4">0</Property>
 <Property name="Número de páginas por tipo de página" id="10200" index="51" type="4">0</Property>
 <Property name="Número de páginas por tipo de página" id="10200" index="52" type="4">0</Property>
 <Property name="Número de páginas por tipo de página" id="10200" index="53" type="4">0</Property>
 <Property name="Número de páginas por tipo de página" id="10200" index="54" type="4">0</Property>
 <Property name="Número de páginas por tipo de página" id="10200" index="55" type="4">0</Property>
 <Property name="Número de páginas por tipo de página" id="10200" index="56" type="4">0</Property>
 <Property name="Número de páginas por tipo de página" id="10200" index="57" type="4">0</Property>
 <Property name="Número de páginas por tipo de página" id="10200" index="58" type="4">0</Property>
 <Property name="Número de páginas por tipo de página" id="10200" index="59" type="4">0</Property>
 <Property name="Número de páginas por tipo de página" id="10200" index="60" type="4">0</Property>
 <Property name="Número de páginas por tipo de página" id="10200" index="61" type="4">0</Property>
 <Property name="Número de páginas por tipo de página" id="10200" index="62" type="4">0</Property>
 <Property name="Número de páginas por tipo de página" id="10200" index="63" type="4">0</Property>
 <Property name="Autor: Nombre abreviado" id="10230" index="0" type="7">EPLAN</Property>
 <Property name="Autor: Tratamiento" id="10231" index="0" type="7">Firma</Property>
 <Property name="Autor: Nombre 1" id="10232" index="0" type="7">EPLAN GmbH &amp; Co. KG</Property>
 <Property name="Autor: Calle" id="10235" index="0" type="7">An der alten Ziegelei 2</Property>
 <Property name="Autor: CP (domicilio)" id="10237" index="0" type="7">40789</Property>
 <Property name="Autor: Domicilio" id="10238" index="0" type="7">Monheim am Rhein</Property>
 <Property name="Autor: País" id="10239" index="0" type="7">Argentina</Property>
 <Property name="Autor: Teléfono" id="10240" index="0" type="7">+49 (0)2173 - 39 64 - 0</Property>
 <Property name="Autor: Fax" id="10241" index="0" type="7">+49 (0)2173 - 39 64 - 25</Property>
 <Property name="Ultima fecha de modificación por tipo de página" id="10250" index="1" type="14">1681790754</Property>
 <Property name="Ultima fecha de modificación por tipo de página" id="10250" index="2" type="14"/>
 <Property name="Ultima fecha de modificación por tipo de página" id="10250" index="3" type="14"/>
 <Property name="Ultima fecha de modificación por tipo de página" id="10250" index="4" type="14"/>
 <Property name="Ultima fecha de modificación por tipo de página" id="10250" index="5" type="14"/>
 <Property name="Ultima fecha de modificación por tipo de página" id="10250" index="6" type="14"/>
 <Property name="Ultima fecha de modificación por tipo de página" id="10250" index="7" type="14"/>
 <Property name="Ultima fecha de modificación por tipo de página" id="10250" index="8" type="14"/>
 <Property name="Ultima fecha de modificación por tipo de página" id="10250" index="9" type="14"/>
 <Property name="Ultima fecha de modificación por tipo de página" id="10250" index="10" type="14"/>
 <Property name="Ultima fecha de modificación por tipo de página" id="10250" index="11" type="14"/>
 <Property name="Ultima fecha de modificación por tipo de página" id="10250" index="12" type="14"/>
 <Property name="Ultima fecha de modificación por tipo de página" id="10250" index="13" type="14"/>
 <Property name="Ultima fecha de modificación por tipo de página" id="10250" index="14" type="14"/>
 <Property name="Ultima fecha de modificación por tipo de página" id="10250" index="15" type="14"/>
 <Property name="Ultima fecha de modificación por tipo de página" id="10250" index="16" type="14"/>
 <Property name="Ultima fecha de modificación por tipo de página" id="10250" index="17" type="14"/>
 <Property name="Ultima fecha de modificación por tipo de página" id="10250" index="18" type="14"/>
 <Property name="Ultima fecha de modificación por tipo de página" id="10250" index="19" type="14"/>
 <Property name="Ultima fecha de modificación por tipo de página" id="10250" index="20" type="14"/>
 <Property name="Ultima fecha de modificación por tipo de página" id="10250" index="21" type="14"/>
 <Property name="Ultima fecha de modificación por tipo de página" id="10250" index="22" type="14"/>
 <Property name="Ultima fecha de modificación por tipo de página" id="10250" index="23" type="14"/>
 <Property name="Ultima fecha de modificación por tipo de página" id="10250" index="24" type="14"/>
 <Property name="Ultima fecha de modificación por tipo de página" id="10250" index="25" type="14"/>
 <Property name="Ultima fecha de modificación por tipo de página" id="10250" index="26" type="14"/>
 <Property name="Ultima fecha de modificación por tipo de página" id="10250" index="27" type="14"/>
 <Property name="Ultima fecha de modificación por tipo de página" id="10250" index="28" type="14"/>
 <Property name="Ultima fecha de modificación por tipo de página" id="10250" index="29" type="14"/>
 <Property name="Ultima fecha de modificación por tipo de página" id="10250" index="30" type="14"/>
 <Property name="Ultima fecha de modificación por tipo de página" id="10250" index="31" type="14"/>
 <Property name="Ultima fecha de modificación por tipo de página" id="10250" index="32" type="14"/>
 <Property name="Ultima fecha de modificación por tipo de página" id="10250" index="33" type="14"/>
 <Property name="Ultima fecha de modificación por tipo de página" id="10250" index="34" type="14"/>
 <Property name="Ultima fecha de modificación por tipo de página" id="10250" index="35" type="14"/>
 <Property name="Ultima fecha de modificación por tipo de página" id="10250" index="36" type="14"/>
 <Property name="Ultima fecha de modificación por tipo de página" id="10250" index="37" type="14"/>
 <Property name="Ultima fecha de modificación por tipo de página" id="10250" index="38" type="14"/>
 <Property name="Ultima fecha de modificación por tipo de página" id="10250" index="39" type="14"/>
 <Property name="Ultima fecha de modificación por tipo de página" id="10250" index="40" type="14"/>
 <Property name="Ultima fecha de modificación por tipo de página" id="10250" index="41" type="14"/>
 <Property name="Ultima fecha de modificación por tipo de página" id="10250" index="42" type="14"/>
 <Property name="Ultima fecha de modificación por tipo de página" id="10250" index="43" type="14"/>
 <Property name="Ultima fecha de modificación por tipo de página" id="10250" index="44" type="14"/>
 <Property name="Ultima fecha de modificación por tipo de página" id="10250" index="45" type="14"/>
 <Property name="Ultima fecha de modificación por tipo de página" id="10250" index="46" type="14"/>
 <Property name="Ultima fecha de modificación por tipo de página" id="10250" index="47" type="14"/>
 <Property name="Ultima fecha de modificación por tipo de página" id="10250" index="48" type="14"/>
 <Property name="Ultima fecha de modificación por tipo de página" id="10250" index="49" type="14"/>
 <Property name="Ultima fecha de modificación por tipo de página" id="10250" index="50" type="14"/>
 <Property name="Ultima fecha de modificación por tipo de página" id="10250" index="51" type="14"/>
 <Property name="Ultima fecha de modificación por tipo de página" id="10250" index="52" type="14"/>
 <Property name="Ultima fecha de modificación por tipo de página" id="10250" index="53" type="14"/>
 <Property name="Ultima fecha de modificación por tipo de página" id="10250" index="54" type="14"/>
 <Property name="Ultima fecha de modificación por tipo de página" id="10250" index="55" type="14"/>
 <Property name="Ultima fecha de modificación por tipo de página" id="10250" index="56" type="14"/>
 <Property name="Ultima fecha de modificación por tipo de página" id="10250" index="57" type="14"/>
 <Property name="Ultima fecha de modificación por tipo de página" id="10250" index="58" type="14"/>
 <Property name="Ultima fecha de modificación por tipo de página" id="10250" index="59" type="14"/>
 <Property name="Ultima fecha de modificación por tipo de página" id="10250" index="60" type="14"/>
 <Property name="Ultima fecha de modificación por tipo de página" id="10250" index="61" type="14"/>
 <Property name="Ultima fecha de modificación por tipo de página" id="10250" index="62" type="14"/>
 <Property name="Ultima fecha de modificación por tipo de página" id="10250" index="63" type="14"/>
 <Property name="Ultima hora de modificación por tipo de página" id="10251" index="1" type="7">01:05:54</Property>
 <Property name="Ultima hora de modificación por tipo de página" id="10251" index="2" type="7"/>
 <Property name="Ultima hora de modificación por tipo de página" id="10251" index="3" type="7"/>
 <Property name="Ultima hora de modificación por tipo de página" id="10251" index="4" type="7"/>
 <Property name="Ultima hora de modificación por tipo de página" id="10251" index="5" type="7"/>
 <Property name="Ultima hora de modificación por tipo de página" id="10251" index="6" type="7"/>
 <Property name="Ultima hora de modificación por tipo de página" id="10251" index="7" type="7"/>
 <Property name="Ultima hora de modificación por tipo de página" id="10251" index="8" type="7"/>
 <Property name="Ultima hora de modificación por tipo de página" id="10251" index="9" type="7"/>
 <Property name="Ultima hora de modificación por tipo de página" id="10251" index="10" type="7"/>
 <Property name="Ultima hora de modificación por tipo de página" id="10251" index="11" type="7"/>
 <Property name="Ultima hora de modificación por tipo de página" id="10251" index="12" type="7"/>
 <Property name="Ultima hora de modificación por tipo de página" id="10251" index="13" type="7"/>
 <Property name="Ultima hora de modificación por tipo de página" id="10251" index="14" type="7"/>
 <Property name="Ultima hora de modificación por tipo de página" id="10251" index="15" type="7"/>
 <Property name="Ultima hora de modificación por tipo de página" id="10251" index="16" type="7"/>
 <Property name="Ultima hora de modificación por tipo de página" id="10251" index="17" type="7"/>
 <Property name="Ultima hora de modificación por tipo de página" id="10251" index="18" type="7"/>
 <Property name="Ultima hora de modificación por tipo de página" id="10251" index="19" type="7"/>
 <Property name="Ultima hora de modificación por tipo de página" id="10251" index="20" type="7"/>
 <Property name="Ultima hora de modificación por tipo de página" id="10251" index="21" type="7"/>
 <Property name="Ultima hora de modificación por tipo de página" id="10251" index="22" type="7"/>
 <Property name="Ultima hora de modificación por tipo de página" id="10251" index="23" type="7"/>
 <Property name="Ultima hora de modificación por tipo de página" id="10251" index="24" type="7"/>
 <Property name="Ultima hora de modificación por tipo de página" id="10251" index="25" type="7"/>
 <Property name="Ultima hora de modificación por tipo de página" id="10251" index="26" type="7"/>
 <Property name="Ultima hora de modificación por tipo de página" id="10251" index="27" type="7"/>
 <Property name="Ultima hora de modificación por tipo de página" id="10251" index="28" type="7"/>
 <Property name="Ultima hora de modificación por tipo de página" id="10251" index="29" type="7"/>
 <Property name="Ultima hora de modificación por tipo de página" id="10251" index="30" type="7"/>
 <Property name="Ultima hora de modificación por tipo de página" id="10251" index="31" type="7"/>
 <Property name="Ultima hora de modificación por tipo de página" id="10251" index="32" type="7"/>
 <Property name="Ultima hora de modificación por tipo de página" id="10251" index="33" type="7"/>
 <Property name="Ultima hora de modificación por tipo de página" id="10251" index="34" type="7"/>
 <Property name="Ultima hora de modificación por tipo de página" id="10251" index="35" type="7"/>
 <Property name="Ultima hora de modificación por tipo de página" id="10251" index="36" type="7"/>
 <Property name="Ultima hora de modificación por tipo de página" id="10251" index="37" type="7"/>
 <Property name="Ultima hora de modificación por tipo de página" id="10251" index="38" type="7"/>
 <Property name="Ultima hora de modificación por tipo de página" id="10251" index="39" type="7"/>
 <Property name="Ultima hora de modificación por tipo de página" id="10251" index="40" type="7"/>
 <Property name="Ultima hora de modificación por tipo de página" id="10251" index="41" type="7"/>
 <Property name="Ultima hora de modificación por tipo de página" id="10251" index="42" type="7"/>
 <Property name="Ultima hora de modificación por tipo de página" id="10251" index="43" type="7"/>
 <Property name="Ultima hora de modificación por tipo de página" id="10251" index="44" type="7"/>
 <Property name="Ultima hora de modificación por tipo de página" id="10251" index="45" type="7"/>
 <Property name="Ultima hora de modificación por tipo de página" id="10251" index="46" type="7"/>
 <Property name="Ultima hora de modificación por tipo de página" id="10251" index="47" type="7"/>
 <Property name="Ultima hora de modificación por tipo de página" id="10251" index="48" type="7"/>
 <Property name="Ultima hora de modificación por tipo de página" id="10251" index="49" type="7"/>
 <Property name="Ultima hora de modificación por tipo de página" id="10251" index="50" type="7"/>
 <Property name="Número total de páginas" id="10300" index="0" type="4">2</Property>
 <Property name="Páginas indicadas" id="10301" index="0" type="4">2</Property>
 <Property name="Páginas de evaluación generadas" id="10302" index="0" type="4">0</Property>
 <Property name="Estado de proyecto" id="10303" index="0" type="7">11&#9;1&#9;Bornes&#9;&#9;&#9;&#9;0&#9;0&#9;0&#9;2&#9;Conectores&#9;&#9;&#9;&#9;0&#9;0&#9;0&#9;3&#9;Cables&#9;&#9;&#9;&#9;0&#9;0&#9;0&#9;4&#9;PLC / Bus&#9;&#9;&#9;&#9;0&#9;0&#9;0&#9;5&#9;Conexiones&#9;&#9;&#9;&#9;0&#9;0&#9;0&#9;7&#9;Dispositivos&#9;&#9;&#9;&#9;0&#9;0&#9;0&#9;8&#9;Idiomas&#9;&#9;&#9;&#9;0&#9;0&#9;0&#9;10&#9;Referencias cruzadas&#9;&#9;&#9;&#9;0&#9;0&#9;0&#9;11&#9;Puntos de interrupción&#9;&#9;&#9;&#9;0&#9;0&#9;0&#9;12&#9;Construcción de armarios 2D&#9;&#9;&#9;&#9;0&#9;0&#9;0&#9;13&#9;Datos de artículos&#9;&#9;&#9;&#9;0&#9;0&#9;0&#9;14&#9;Macro&#9;&#9;&#9;&#9;0&#9;0&#9;0&#9;15&#9;Evaluaciones&#9;&#9;&#9;&#9;0&#9;0&#9;0&#9;16&#9;Cajas de aparatos&#9;&#9;&#9;&#9;0&#9;0&#9;0&#9;17&#9;IME&#9;&#9;&#9;&#9;0&#9;0&#9;0&#9;18&#9;Aplicación de datos de EPLAN 5&#9;&#9;&#9;&#9;0&#9;0&#9;0&#9;19&#9;Aplicación de datos de EPLAN 21&#9;&#9;&#9;&#9;0&#9;0&#9;0&#9;20&#9;Comparación de proyectos&#9;&#9;&#9;&#9;0&#9;0&#9;0&#9;21&#9;Objetos contenedor&#9;&#9;&#9;&#9;0&#9;0&#9;0&#9;22&#9;Otros&#9;&#9;&#9;&#9;0&#9;0&#9;0&#9;24&#9;Fluido&#9;&#9;&#9;&#9;0&#9;0&#9;0&#9;25&#9;Ajustes de proyecto&#9;&#9;&#9;&#9;0&#9;0&#9;0&#9;26&#9;Construcción 3D&#9;&#9;&#9;&#9;0&#9;0&#9;0&#9;27&#9;Topología&#9;&#9;&#9;&#9;0&#9;0&#9;0&#9;28&#9;Planificación previa&#9;&#9;&#9;&#9;0&#9;0&#9;0&#9;29&#9;Profundidad de la planificación previa&#9;&#9;&#9;&#9;0&#9;0&#9;0&#9;30&#9;Proyectos parciales&#9;&#9;&#9;&#9;0&#9;0&#9;0&#9;32&#9;Imagen de perforación&#9;&#9;&#9;&#9;0&#9;0&#9;0&#9;33&#9;Árbol de cables&#9;&#9;&#9;&#9;0&#9;0&#9;0&#9;501&#9;Datos básicos de artículo&#9;&#9;&#9;&#9;0&#9;0&#9;0&#9;999&#9;Externo&#9;&#9;&#9;&#9;0&#9;0&#9;0</Property>
 <Property name="Número de espacios" id="10304" index="0" type="4">0</Property>
 <Property name="Diseño térmico: Tensión" id="10310" index="0" type="4">5</Property>
 <Property name="Diseño térmico: Frecuencia" id="10311" index="0" type="4">1</Property>
 <Property name="Internal: Page format name" id="10400" index="0" type="15">##_##@1499/SchemeDataProject;??_??@Higher-level function mounting location document type;</Property>
 <Property name="Internal: Interruption point format name" id="10401" index="0" type="15">##_##@701/SchemeDataProject;</Property>
 <Property name="Internal: Busbar format name" id="10403" index="0" type="15">##_##@715/SchemeDataProject;</Property>
 <Property name="Internal: Standard device format name" id="10405" index="0" type="15">##_##@703/SchemeDataProject;</Property>
 <Property name="Internal: Device box format name" id="10406" index="0" type="15">##_##@703/SchemeDataProject;</Property>
 <Property name="Internal: PLC format name" id="10407" index="0" type="15">##_##@703/SchemeDataProject;</Property>
 <Property name="Internal: Terminal strip format name" id="10409" index="0" type="15">##_##@715/SchemeDataProject;</Property>
 <Property name="Internal: Plug format name" id="10410" index="0" type="15">##_##@715/SchemeDataProject;</Property>
 <Property name="Internal: Cable format name" id="10411" index="0" type="15">##_##@715/SchemeDataProject;</Property>
 <Property name="Internal: Fluid format name" id="10412" index="0" type="15">##_##@703/SchemeDataProject;</Property>
 <Property name="Internal: Distributor format name" id="10413" index="0" type="15">##_##@703/SchemeDataProject;</Property>
 <Property name="Internal: Mechanic format name" id="10414" index="0" type="15">##_##@715/SchemeDataProject;</Property>
 <Property name="Internal: Page format description" id="10420" index="0" type="15">##_##@1500/SchemeDataProject;??_??@Higher-level function, mounting location and document type  (identifying);</Property>
 <Property name="Internal: Interruption point format description" id="10421" index="0" type="15">##_##@701/SchemeDataProject;</Property>
 <Property name="Internal: Busbar format description" id="10423" index="0" type="15">##_##@715/SchemeDataProject;</Property>
 <Property name="Internal: Standard device format description" id="10425" index="0" type="15">##_##@703/SchemeDataProject;</Property>
 <Property name="Internal: Device box format description" id="10426" index="0" type="15">##_##@703/SchemeDataProject;</Property>
 <Property name="Internal: PLC format description" id="10427" index="0" type="15">##_##@703/SchemeDataProject;</Property>
 <Property name="Internal: Terminal strip format description" id="10429" index="0" type="15">##_##@715/SchemeDataProject;</Property>
 <Property name="Internal: Plug format description" id="10430" index="0" type="15">##_##@715/SchemeDataProject;</Property>
 <Property name="Internal: Cable format description" id="10431" index="0" type="15">##_##@715/SchemeDataProject;</Property>
 <Property name="Internal: Fluid format description" id="10432" index="0" type="15">##_##@703/SchemeDataProject;</Property>
 <Property name="Internal: Distributor format description" id="10433" index="0" type="15">##_##@703/SchemeDataProject;</Property>
 <Property name="Internal: Mechanic format description" id="10434" index="0" type="15">##_##@715/SchemeDataProject;</Property>
 <Property name="Colocar tipo de documento al principio del nombre de página" id="10450" index="0" type="1">0</Property>
 <Property name="Idioma de origen" id="10500" index="0" type="4">25</Property>
 <Property name="Copia de seguridad de datos: salvaguardar por completo" id="10510" index="0" type="1">1</Property>
 <Property name="Copia de seguridad de datos: salvaguardar documentos externos" id="10511" index="0" type="1">1</Property>
 <Property name="Copia de seguridad de datos: salvaguardar ficheros de imágenes" id="10512" index="0" type="1">1</Property>
 <Property name="Copia de seguridad de datos: reorganizar proyecto" id="10513" index="0" type="1">0</Property>
 <Property name="Copia de seguridad de datos: método" id="10514" index="0" type="4">0</Property>
 <Property name="Copia de seguridad de datos: medio de seguridad" id="10515" index="0" type="4">0</Property>
 <Property name="Copia de seguridad de datos: tamaño de pieza por e-mail en MB" id="10516" index="0" type="6">0</Property>
 <Property name="Copia de seguridad de datos: directorio de seguridad" id="10517" index="0" type="7">C:\Users\Administrator\Downloads\2023Q1-SyA-main\2023Q1-SyA-main\TP1\TP1-secure</Property>
 <Property name="Internal: Use defined working sections" id="10530" index="0" type="1">0</Property>
 <Property name="Propiedad de bloque: Formato (Punto de interrupción)" id="10609" index="5" type="7">[20221&lt;20010,0,0,0,0,0,0,0,0,de_DE,0,0,0,0,0,0&gt;]-[20222,1&lt;4&lt;11037,0,0,0,0,0,0,0,0,de_DE,0,0,0,0,0,5&gt;&gt;][20222,1&lt;4&lt;11042,0,0,0,0,0,0,0,0,de_DE,0,0,0,0,0,0&gt;&gt;]-[20222,1&lt;20221&lt;19006,0,0,0,0,0,0,0,0,de_DE,0,0,0,0,0,0&gt;&gt;]/[20222,1&lt;20221&lt;19005,0,0,0,0,0,0,0,0,de_DE,0,0,0,0,0,0&gt;&gt;]</Property>
 <Property name="Propiedad de bloque: Texto sustitutorio" id="10660" index="5" type="7">=│??_??@0;│??_??@E;║=│??_??@2;│??_??@H;║=│??_??@3;│??_??@P;║=│??_??@4;│??_??@C;║=│??_??@5;│??_??@L;║=│??_??@6;│??_??@V;║=│??_??@7;│??_??@F;║=│??_??@8;│??_??@K;║=│??_??@9;│??_??@G;</Property>
 <Property name="Campo adicional" id="10901" index="1" type="15">de_DE@EPLAN Beispielprojekt;en_US@EPLAN sample project;nl_NL@EPLAN voorbeeldproject;fr_FR@Exemple de projet EPLAN;es_ES@Projecto de ejemplo EPLAN;sv_SE@EPLAN exempelprojekt;da_DK@EPLAN Projekteksempel;zh_CN@EPLAN 示例项目;ru_RU@Образец проекта EPLAN;pl_PL@Przykładowy projekt EPLAN;pt_BR@Exemplo de projeto EPLAN;cs_CZ@Vzorový projekt EPLAN;it_IT@Progetto di esempio EPLAN;hu_HU@EPLAN példa projekt;pt_PT@Exemplo de projeto EPLAN;ko_KR@EPLAN 샘플 프로젝트;ja_JP@EPLAN サンプル プロジェクト;tr_TR@EPLAN örnek projesi;ro_RO@Proiect eșantion EPLAN;zh_TW@EPLAN 樣本專案;</Property>
 <Property name="Tipo de proyecto" id="10902" index="0" type="4">1</Property>
 <Property name="Internal: Number of repair processes of the project object" id="10904" index="0" type="4">0</Property>
 <Property name="Formato de marca de revisión (de seguimiento de cambios)" id="19031" index="0" type="7">[14&lt;10155,1,0,0,0,0,0,0,0,,0,0,,0,0&gt;][LF][14&lt;10157,1,0,0,0,0,0,0,0,,0,0,,0,0&gt;][LF][14&lt;10158,1,0,0,0,0,0,0,0,,0,0,,0,0&gt;]</Property>
 <Property name="Campo adicional de usuario 1" id="40001" index="0" type="15" identname="EPLAN.Project.UserSupplementaryField1" category="1" displaytype="9000"/>
 <Property name="Campo adicional de usuario 2" id="40002" index="0" type="15" identname="EPLAN.Project.UserSupplementaryField2" category="1" displaytype="9000"/>
 <Property name="Campo adicional de usuario 3" id="40003" index="0" type="15" identname="EPLAN.Project.UserSupplementaryField3" category="1" displaytype="9000"/>
 <Property name="Campo adicional de usuario 4" id="40004" index="0" type="15" identname="EPLAN.Project.UserSupplementaryField4" category="1" displaytype="9000"/>
 <Property name="Campo adicional de usuario 5" id="40005" index="0" type="15" identname="EPLAN.Project.UserSupplementaryField5" category="1" displaytype="9000"/>
 <Property name="Campo adicional de usuario 6" id="40006" index="0" type="15" identname="EPLAN.Project.UserSupplementaryField6" category="1" displaytype="9000"/>
 <Property name="Campo adicional de usuario 7" id="40007" index="0" type="15" identname="EPLAN.Project.UserSupplementaryField7" category="1" displaytype="9000"/>
 <Property name="Campo adicional de usuario 8" id="40008" index="0" type="15" identname="EPLAN.Project.UserSupplementaryField8" category="1" displaytype="9000"/>
 <Property name="Campo adicional de usuario 9" id="40009" index="0" type="15" identname="EPLAN.Project.UserSupplementaryField9" category="1" displaytype="9000"/>
 <Property name="Campo adicional de usuario 10" id="40010" index="0" type="15" identname="EPLAN.Project.UserSupplementaryField10" category="1" displaytype="9000"/>
 <Property name="Campo adicional de usuario 11" id="40011" index="0" type="15" identname="EPLAN.Project.UserSupplementaryField11" category="1" displaytype="9000"/>
 <Property name="Campo adicional de usuario 12" id="40012" index="0" type="15" identname="EPLAN.Project.UserSupplementaryField12" category="1" displaytype="9000"/>
 <Property name="Campo adicional de usuario 13" id="40013" index="0" type="15" identname="EPLAN.Project.UserSupplementaryField13" category="1" displaytype="9000"/>
 <Property name="Campo adicional de usuario 14" id="40014" index="0" type="15" identname="EPLAN.Project.UserSupplementaryField14" category="1" displaytype="9000"/>
 <Property name="Campo adicional de usuario 15" id="40015" index="0" type="15" identname="EPLAN.Project.UserSupplementaryField15" category="1" displaytype="9000"/>
 <Property name="Campo adicional de usuario 16" id="40016" index="0" type="15" identname="EPLAN.Project.UserSupplementaryField16" category="1" displaytype="9000"/>
 <Property name="Campo adicional de usuario 17" id="40017" index="0" type="15" identname="EPLAN.Project.UserSupplementaryField17" category="1" displaytype="9000"/>
 <Property name="Campo adicional de usuario 18" id="40018" index="0" type="15" identname="EPLAN.Project.UserSupplementaryField18" category="1" displaytype="9000"/>
 <Property name="Campo adicional de usuario 19" id="40019" index="0" type="15" identname="EPLAN.Project.UserSupplementaryField19" category="1" displaytype="9000"/>
 <Property name="Campo adicional de usuario 20" id="40020" index="0" type="15" identname="EPLAN.Project.UserSupplementaryField20" category="1" displaytype="9000"/>
 <Property name="Campo adicional de usuario 21" id="40021" index="0" type="15" identname="EPLAN.Project.UserSupplementaryField21" category="1" displaytype="9000"/>
 <Property name="Campo adicional de usuario 22" id="40022" index="0" type="15" identname="EPLAN.Project.UserSupplementaryField22" category="1" displaytype="9000"/>
 <Property name="Campo adicional de usuario 23" id="40023" index="0" type="15" identname="EPLAN.Project.UserSupplementaryField23" category="1" displaytype="9000"/>
 <Property name="Campo adicional de usuario 24" id="40024" index="0" type="15" identname="EPLAN.Project.UserSupplementaryField24" category="1" displaytype="9000"/>
 <Property name="Campo adicional de usuario 25" id="40025" index="0" type="15" identname="EPLAN.Project.UserSupplementaryField25" category="1" displaytype="9000"/>
 <Property name="Campo adicional de usuario 26" id="40026" index="0" type="15" identname="EPLAN.Project.UserSupplementaryField26" category="1" displaytype="9000"/>
 <Property name="Campo adicional de usuario 27" id="40027" index="0" type="15" identname="EPLAN.Project.UserSupplementaryField27" category="1" displaytype="9000"/>
 <Property name="Campo adicional de usuario 28" id="40028" index="0" type="15" identname="EPLAN.Project.UserSupplementaryField28" category="1" displaytype="9000"/>
 <Property name="Campo adicional de usuario 29" id="40029" index="0" type="15" identname="EPLAN.Project.UserSupplementaryField29" category="1" displaytype="9000"/>
 <Property name="Campo adicional de usuario 30" id="40030" index="0" type="15" identname="EPLAN.Project.UserSupplementaryField30" category="1" displaytype="9000"/>
 <Property name="Campo adicional de usuario 31" id="40031" index="0" type="15" identname="EPLAN.Project.UserSupplementaryField31" category="1" displaytype="9000"/>
 <Property name="Campo adicional de usuario 32" id="40032" index="0" type="15" identname="EPLAN.Project.UserSupplementaryField32" category="1" displaytype="9000"/>
 <Property name="Campo adicional de usuario 33" id="40033" index="0" type="15" identname="EPLAN.Project.UserSupplementaryField33" category="1" displaytype="9000"/>
 <Property name="Campo adicional de usuario 34" id="40034" index="0" type="15" identname="EPLAN.Project.UserSupplementaryField34" category="1" displaytype="9000"/>
 <Property name="Campo adicional de usuario 35" id="40035" index="0" type="15" identname="EPLAN.Project.UserSupplementaryField35" category="1" displaytype="9000"/>
 <Property name="Campo adicional de usuario 36" id="40036" index="0" type="15" identname="EPLAN.Project.UserSupplementaryField36" category="1" displaytype="9000"/>
 <Property name="Campo adicional de usuario 37" id="40037" index="0" type="15" identname="EPLAN.Project.UserSupplementaryField37" category="1" displaytype="9000"/>
 <Property name="Campo adicional de usuario 38" id="40038" index="0" type="15" identname="EPLAN.Project.UserSupplementaryField38" category="1" displaytype="9000"/>
 <Property name="Campo adicional de usuario 39" id="40039" index="0" type="15" identname="EPLAN.Project.UserSupplementaryField39" category="1" displaytype="9000"/>
 <Property name="Campo adicional de usuario 40" id="40040" index="0" type="15" identname="EPLAN.Project.UserSupplementaryField40" category="1" displaytype="9000"/>
 <Property name="Campo adicional de usuario 41" id="40041" index="0" type="15" identname="EPLAN.Project.UserSupplementaryField41" category="1" displaytype="9000"/>
 <Property name="Campo adicional de usuario 42" id="40042" index="0" type="15" identname="EPLAN.Project.UserSupplementaryField42" category="1" displaytype="9000"/>
 <Property name="Campo adicional de usuario 43" id="40043" index="0" type="15" identname="EPLAN.Project.UserSupplementaryField43" category="1" displaytype="9000"/>
 <Property name="Campo adicional de usuario 44" id="40044" index="0" type="15" identname="EPLAN.Project.UserSupplementaryField44" category="1" displaytype="9000"/>
 <Property name="Campo adicional de usuario 45" id="40045" index="0" type="15" identname="EPLAN.Project.UserSupplementaryField45" category="1" displaytype="9000"/>
 <Property name="Campo adicional de usuario 46" id="40046" index="0" type="15" identname="EPLAN.Project.UserSupplementaryField46" category="1" displaytype="9000"/>
 <Property name="Campo adicional de usuario 47" id="40047" index="0" type="15" identname="EPLAN.Project.UserSupplementaryField47" category="1" displaytype="9000"/>
 <Property name="Campo adicional de usuario 48" id="40048" index="0" type="15" identname="EPLAN.Project.UserSupplementaryField48" category="1" displaytype="9000"/>
 <Property name="Campo adicional de usuario 49" id="40049" index="0" type="15" identname="EPLAN.Project.UserSupplementaryField49" category="1" displaytype="9000"/>
 <Property name="Campo adicional de usuario 50" id="40050" index="0" type="15" identname="EPLAN.Project.UserSupplementaryField50" category="1" displaytype="9000"/>
 <Property name="Campo adicional de usuario 51" id="40051" index="0" type="15" identname="EPLAN.Project.UserSupplementaryField51" category="1" displaytype="9000"/>
 <Property name="Campo adicional de usuario 52" id="40052" index="0" type="15" identname="EPLAN.Project.UserSupplementaryField52" category="1" displaytype="9000"/>
 <Property name="Campo adicional de usuario 53" id="40053" index="0" type="15" identname="EPLAN.Project.UserSupplementaryField53" category="1" displaytype="9000"/>
 <Property name="Campo adicional de usuario 54" id="40054" index="0" type="15" identname="EPLAN.Project.UserSupplementaryField54" category="1" displaytype="9000"/>
 <Property name="Campo adicional de usuario 55" id="40055" index="0" type="15" identname="EPLAN.Project.UserSupplementaryField55" category="1" displaytype="9000"/>
 <Property name="Campo adicional de usuario 56" id="40056" index="0" type="15" identname="EPLAN.Project.UserSupplementaryField56" category="1" displaytype="9000"/>
 <Property name="Campo adicional de usuario 57" id="40057" index="0" type="15" identname="EPLAN.Project.UserSupplementaryField57" category="1" displaytype="9000"/>
 <Property name="Campo adicional de usuario 58" id="40058" index="0" type="15" identname="EPLAN.Project.UserSupplementaryField58" category="1" displaytype="9000"/>
 <Property name="Campo adicional de usuario 59" id="40059" index="0" type="15" identname="EPLAN.Project.UserSupplementaryField59" category="1" displaytype="9000"/>
 <Property name="Campo adicional de usuario 60" id="40060" index="0" type="15" identname="EPLAN.Project.UserSupplementaryField60" category="1" displaytype="9000"/>
 <Property name="Campo adicional de usuario 61" id="40061" index="0" type="15" identname="EPLAN.Project.UserSupplementaryField61" category="1" displaytype="9000"/>
 <Property name="Campo adicional de usuario 62" id="40062" index="0" type="15" identname="EPLAN.Project.UserSupplementaryField62" category="1" displaytype="9000"/>
 <Property name="Campo adicional de usuario 63" id="40063" index="0" type="15" identname="EPLAN.Project.UserSupplementaryField63" category="1" displaytype="9000"/>
 <Property name="Campo adicional de usuario 64" id="40064" index="0" type="15" identname="EPLAN.Project.UserSupplementaryField64" category="1" displaytype="9000"/>
 <Property name="Campo adicional de usuario 65" id="40065" index="0" type="15" identname="EPLAN.Project.UserSupplementaryField65" category="1" displaytype="9000"/>
 <Property name="Campo adicional de usuario 66" id="40066" index="0" type="15" identname="EPLAN.Project.UserSupplementaryField66" category="1" displaytype="9000"/>
 <Property name="Campo adicional de usuario 67" id="40067" index="0" type="15" identname="EPLAN.Project.UserSupplementaryField67" category="1" displaytype="9000"/>
 <Property name="Campo adicional de usuario 68" id="40068" index="0" type="15" identname="EPLAN.Project.UserSupplementaryField68" category="1" displaytype="9000"/>
 <Property name="Campo adicional de usuario 69" id="40069" index="0" type="15" identname="EPLAN.Project.UserSupplementaryField69" category="1" displaytype="9000"/>
 <Property name="Campo adicional de usuario 70" id="40070" index="0" type="15" identname="EPLAN.Project.UserSupplementaryField70" category="1" displaytype="9000"/>
 <Property name="Campo adicional de usuario 71" id="40071" index="0" type="15" identname="EPLAN.Project.UserSupplementaryField71" category="1" displaytype="9000"/>
 <Property name="Campo adicional de usuario 72" id="40072" index="0" type="15" identname="EPLAN.Project.UserSupplementaryField72" category="1" displaytype="9000"/>
 <Property name="Campo adicional de usuario 73" id="40073" index="0" type="15" identname="EPLAN.Project.UserSupplementaryField73" category="1" displaytype="9000"/>
 <Property name="Campo adicional de usuario 74" id="40074" index="0" type="15" identname="EPLAN.Project.UserSupplementaryField74" category="1" displaytype="9000"/>
 <Property name="Campo adicional de usuario 75" id="40075" index="0" type="15" identname="EPLAN.Project.UserSupplementaryField75" category="1" displaytype="9000"/>
 <Property name="Campo adicional de usuario 76" id="40076" index="0" type="15" identname="EPLAN.Project.UserSupplementaryField76" category="1" displaytype="9000"/>
 <Property name="Campo adicional de usuario 77" id="40077" index="0" type="15" identname="EPLAN.Project.UserSupplementaryField77" category="1" displaytype="9000"/>
 <Property name="Campo adicional de usuario 78" id="40078" index="0" type="15" identname="EPLAN.Project.UserSupplementaryField78" category="1" displaytype="9000"/>
 <Property name="Campo adicional de usuario 79" id="40079" index="0" type="15" identname="EPLAN.Project.UserSupplementaryField79" category="1" displaytype="9000"/>
 <Property name="Campo adicional de usuario 80" id="40080" index="0" type="15" identname="EPLAN.Project.UserSupplementaryField80" category="1" displaytype="9000"/>
 <Property name="Campo adicional de usuario 81" id="40081" index="0" type="15" identname="EPLAN.Project.UserSupplementaryField81" category="1" displaytype="9000"/>
 <Property name="Campo adicional de usuario 82" id="40082" index="0" type="15" identname="EPLAN.Project.UserSupplementaryField82" category="1" displaytype="9000"/>
 <Property name="Campo adicional de usuario 83" id="40083" index="0" type="15" identname="EPLAN.Project.UserSupplementaryField83" category="1" displaytype="9000"/>
 <Property name="Campo adicional de usuario 84" id="40084" index="0" type="15" identname="EPLAN.Project.UserSupplementaryField84" category="1" displaytype="9000"/>
 <Property name="Campo adicional de usuario 85" id="40085" index="0" type="15" identname="EPLAN.Project.UserSupplementaryField85" category="1" displaytype="9000"/>
 <Property name="Campo adicional de usuario 86" id="40086" index="0" type="15" identname="EPLAN.Project.UserSupplementaryField86" category="1" displaytype="9000"/>
 <Property name="Campo adicional de usuario 87" id="40087" index="0" type="15" identname="EPLAN.Project.UserSupplementaryField87" category="1" displaytype="9000"/>
 <Property name="Campo adicional de usuario 88" id="40088" index="0" type="15" identname="EPLAN.Project.UserSupplementaryField88" category="1" displaytype="9000"/>
 <Property name="Campo adicional de usuario 89" id="40089" index="0" type="15" identname="EPLAN.Project.UserSupplementaryField89" category="1" displaytype="9000"/>
 <Property name="Campo adicional de usuario 90" id="40090" index="0" type="15" identname="EPLAN.Project.UserSupplementaryField90" category="1" displaytype="9000"/>
 <Property name="Campo adicional de usuario 91" id="40091" index="0" type="15" identname="EPLAN.Project.UserSupplementaryField91" category="1" displaytype="9000"/>
 <Property name="Campo adicional de usuario 92" id="40092" index="0" type="15" identname="EPLAN.Project.UserSupplementaryField92" category="1" displaytype="9000"/>
 <Property name="Campo adicional de usuario 93" id="40093" index="0" type="15" identname="EPLAN.Project.UserSupplementaryField93" category="1" displaytype="9000"/>
 <Property name="Campo adicional de usuario 94" id="40094" index="0" type="15" identname="EPLAN.Project.UserSupplementaryField94" category="1" displaytype="9000"/>
 <Property name="Campo adicional de usuario 95" id="40095" index="0" type="15" identname="EPLAN.Project.UserSupplementaryField95" category="1" displaytype="9000"/>
 <Property name="Campo adicional de usuario 96" id="40096" index="0" type="15" identname="EPLAN.Project.UserSupplementaryField96" category="1" displaytype="9000"/>
 <Property name="Campo adicional de usuario 97" id="40097" index="0" type="15" identname="EPLAN.Project.UserSupplementaryField97" category="1" displaytype="9000"/>
 <Property name="Campo adicional de usuario 98" id="40098" index="0" type="15" identname="EPLAN.Project.UserSupplementaryField98" category="1" displaytype="9000"/>
 <Property name="Campo adicional de usuario 99" id="40099" index="0" type="15" identname="EPLAN.Project.UserSupplementaryField99" category="1" displaytype="9000"/>
 <Property name="Campo adicional de usuario 100" id="40100" index="0" type="15" identname="EPLAN.Project.UserSupplementaryField100" category="1" displaytype="9000"/>
</Properties>
